{"_type":"export","__export_format":4,"__export_date":"2023-09-19T07:47:10.300Z","__export_source":"insomnia.desktop.app:v2023.5.8","resources":[{"_id":"req_2fb8c99aa3534353a8bc12377ef0eb95","parentId":"wrk_a0e8cd11cbf648cb990239bd4164e067","modified":1690342026928,"created":1690342005192,"url":"http://localhost:8080/","name":"New Request","description":"","method":"GET","body":{},"parameters":[],"headers":[],"authentication":{},"metaSortKey":-1690342005192,"isPrivate":false,"settingStoreCookies":true,"settingSendCookies":true,"settingDisableRenderRequestBody":false,"settingEncodeUrl":true,"settingRebuildPath":true,"settingFollowRedirects":"global","_type":"request"},{"_id":"wrk_a0e8cd11cbf648cb990239bd4164e067","parentId":null,"modified":1688365275753,"created":1688365275753,"name":"My Collection","description":"","scope":"collection","_type":"workspace"},{"_id":"req_a497c8ffab2f494cabfbc1d68f20e743","parentId":"fld_0658ba48149d493a8e467fa1db028102","modified":1693157799147,"created":1688561176848,"url":"http://localhost:8080/auth/register","name":"Register","description":"","method":"POST","body":{"mimeType":"application/json","text":"{\n\t\"name\": \"Joe3 Doe\",\n\t\"email\": \"joed3@jdoe.com\",\n\"score\": \"0\",\n\t\"password\": \"12345\",\n\t\"role\": \"user\"\n}"},"parameters":[],"headers":[{"name":"Content-Type","value":"application/json"},{"name":"User-Agent","value":"Insomnia/2023.5.2"}],"authentication":{},"metaSortKey":-1688561176848,"isPrivate":false,"settingStoreCookies":true,"settingSendCookies":true,"settingDisableRenderRequestBody":false,"settingEncodeUrl":true,"settingRebuildPath":true,"settingFollowRedirects":"global","_type":"request"},{"_id":"fld_0658ba48149d493a8e467fa1db028102","parentId":"wrk_a0e8cd11cbf648cb990239bd4164e067","modified":1688561174513,"created":1688561174513,"name":"Auth","description":"","environment":{},"environmentPropertyOrder":null,"metaSortKey":-1688561174513,"_type":"request_group"},{"_id":"req_5457eb17fbcb4b0994cec082ccc09400","parentId":"fld_0658ba48149d493a8e467fa1db028102","modified":1692170756682,"created":1688561217154,"url":"http://localhost:8080/auth/login","name":"Login","description":"","method":"POST","body":{"mimeType":"application/json","text":"{\n\t\"email\": \"joed@jdoe.com\",\n\t\"password\": \"12345\"\n}"},"parameters":[],"headers":[{"name":"Content-Type","value":"application/json"},{"name":"User-Agent","value":"Insomnia/2023.5.2"}],"authentication":{},"metaSortKey":-1688463228520,"isPrivate":false,"settingStoreCookies":true,"settingSendCookies":true,"settingDisableRenderRequestBody":false,"settingEncodeUrl":true,"settingRebuildPath":true,"settingFollowRedirects":"global","_type":"request"},{"_id":"req_c4b4ed035cbf43e2ba078ce784da4822","parentId":"fld_e177c5ee7eb542a9b732105359865e2d","modified":1690878154068,"created":1688365280192,"url":"http://localhost:8080/score","name":"Submit Score","description":"","method":"POST","body":{"mimeType":"application/json","text":"\t{\n\t\t\"id\": 1,\n\t\t\"name\": \"abubul\",\n\t\t\"email\": \"aaxkdkdkdkd1@test.com\",\n\t\t\"password\": \"$2b$10$cOzzJgtsy1DTCXp8g9uj7eLxRQyUdONi9.A/.ivzEzyd3G5yXl0k.\",\n\t\t\"isVerified\": false,\n\t\t\"role\": \"admin\",\n\t\t\"createdAt\": \"2023-07-28T02:20:26.000Z\",\n\t\t\"updatedAt\": \"2023-07-28T17:11:42.000Z\",\n\t\t\"region_id\": null,\n\t\t\"team_id\": null,\n\t\t\"score\": 10\n\t}"},"parameters":[],"headers":[{"name":"Content-Type","value":"application/json"}],"authentication":{},"metaSortKey":-1688365280192,"isPrivate":false,"settingStoreCookies":true,"settingSendCookies":true,"settingDisableRenderRequestBody":false,"settingEncodeUrl":true,"settingRebuildPath":true,"settingFollowRedirects":"global","_type":"request"},{"_id":"fld_e177c5ee7eb542a9b732105359865e2d","parentId":"wrk_a0e8cd11cbf648cb990239bd4164e067","modified":1688706378161,"created":1688529272936,"name":"Score/leaderboard/team/game","description":"","environment":{},"environmentPropertyOrder":null,"metaSortKey":-1688529272936,"_type":"request_group"},{"_id":"req_1d1fbed71cc143ddb0e8aba04ad3c46c","parentId":"fld_e177c5ee7eb542a9b732105359865e2d","modified":1688529709663,"created":1688529671074,"url":"http://localhost:3000/api/scores/delete","name":"Delete a score","description":"","method":"DELETE","body":{},"parameters":[],"headers":[],"authentication":{},"metaSortKey":-1688365280142,"isPrivate":false,"settingStoreCookies":true,"settingSendCookies":true,"settingDisableRenderRequestBody":false,"settingEncodeUrl":true,"settingRebuildPath":true,"settingFollowRedirects":"global","_type":"request"},{"_id":"req_1053a0e16f024a05a06aea0e2acf104c","parentId":"fld_e177c5ee7eb542a9b732105359865e2d","modified":1689346765068,"created":1688529722331,"url":"http://localhost:8080/leaderboard","name":"Get leaderboard","description":"","method":"GET","body":{},"parameters":[],"headers":[],"authentication":{},"metaSortKey":-1688365280092,"isPrivate":false,"settingStoreCookies":true,"settingSendCookies":true,"settingDisableRenderRequestBody":false,"settingEncodeUrl":true,"settingRebuildPath":true,"settingFollowRedirects":"global","_type":"request"},{"_id":"req_8a84d1d39a3442f98958342c9112ab23","parentId":"fld_e177c5ee7eb542a9b732105359865e2d","modified":1688706355900,"created":1688706318904,"url":"http://localhost:8080/teams","name":"Update Team","description":"","method":"PUT","body":{},"parameters":[],"headers":[],"authentication":{},"metaSortKey":-1688365280042,"isPrivate":false,"settingStoreCookies":true,"settingSendCookies":true,"settingDisableRenderRequestBody":false,"settingEncodeUrl":true,"settingRebuildPath":true,"settingFollowRedirects":"global","_type":"request"},{"_id":"req_4a18ec32d4554d4994ade735e134ca4d","parentId":"fld_e177c5ee7eb542a9b732105359865e2d","modified":1688706406191,"created":1688706383287,"url":"http://localhost:8080/game","name":"Update Game","description":"","method":"PUT","body":{},"parameters":[],"headers":[],"authentication":{},"metaSortKey":-1688365279992,"isPrivate":false,"settingStoreCookies":true,"settingSendCookies":true,"settingDisableRenderRequestBody":false,"settingEncodeUrl":true,"settingRebuildPath":true,"settingFollowRedirects":"global","_type":"request"},{"_id":"req_86692771dce64d579e85739ffce77a17","parentId":"fld_df4c6d68ce90408c8ffe671b2c5fff2a","modified":1688615232853,"created":1687745532048,"url":"http://localhost:8080/users","name":"Get All Users","description":"","method":"GET","body":{},"parameters":[],"headers":[],"authentication":{},"metaSortKey":-1687745532048,"isPrivate":false,"settingStoreCookies":true,"settingSendCookies":true,"settingDisableRenderRequestBody":false,"settingEncodeUrl":true,"settingRebuildPath":true,"settingFollowRedirects":"global","_type":"request"},{"_id":"fld_df4c6d68ce90408c8ffe671b2c5fff2a","parentId":"wrk_a0e8cd11cbf648cb990239bd4164e067","modified":1687767768685,"created":1687767768685,"name":"Users","description":"","environment":{},"environmentPropertyOrder":null,"metaSortKey":-1687767768685,"_type":"request_group"},{"_id":"req_0861e95101b2447485b604c1ff336505","parentId":"fld_df4c6d68ce90408c8ffe671b2c5fff2a","modified":1692169370246,"created":1687768035477,"url":"http://localhost:8080/users/2","name":"Get User By ID","description":"","method":"GET","body":{},"parameters":[],"headers":[],"authentication":{},"metaSortKey":-1687745531998,"isPrivate":false,"settingStoreCookies":true,"settingSendCookies":true,"settingDisableRenderRequestBody":false,"settingEncodeUrl":true,"settingRebuildPath":true,"settingFollowRedirects":"global","_type":"request"},{"_id":"req_0cab5106f90a49ffac2f11f2873583d6","parentId":"fld_df4c6d68ce90408c8ffe671b2c5fff2a","modified":1692170821883,"created":1687768076122,"url":"http://localhost:8080/users/2","name":"Update User","description":"","method":"PUT","body":{"mimeType":"application/json","text":"{\n\"email\": \"aaxkdkdkdkd1@test.com\",\n\"password\": \"12wdssd34sd56\",\n\"score\": \"5\"\n}"},"parameters":[],"headers":[{"id":"pair_b35134f120da486484ad903a082bb91c","name":"content-type","value":"application/json","description":"","disabled":false},{"id":"pair_dd77c52e40c04bd3874b70e12fd2d378","name":"Authorization","value":"eyJhbGciOiJIUzI1NiIsInR5cCI6IkpXVCJ9.eyJpZCI6MiwiZW1haWwiOiJqb2VkQGpkb2UuY29tIiwicm9sZSI6ImFkbWluIiwiaWF0IjoxNjkyMTcwNzU3fQ.8LOhP4rkY41dMZuZ3VHi4XPUUl7nXRpSmt9E_IJk2dI","description":"","disabled":false},{"name":"User-Agent","value":"Insomnia/2023.5.2","id":"pair_c710c85a4ea1473c8741f9e88295d39b","disabled":false}],"authentication":{},"metaSortKey":-1687745531948,"isPrivate":false,"settingStoreCookies":true,"settingSendCookies":true,"settingDisableRenderRequestBody":false,"settingEncodeUrl":true,"settingRebuildPath":true,"settingFollowRedirects":"global","_type":"request"},{"_id":"req_41d76707cac24da0842a1ee04cc4ac82","parentId":"fld_df4c6d68ce90408c8ffe671b2c5fff2a","modified":1692169235332,"created":1687768097470,"url":"http://localhost:8080/users/1","name":"Delete User","description":"","method":"DELETE","body":{},"parameters":[],"headers":[{"id":"pair_e9a39361845b43d6bac23078494fc2ba","name":"Authorization","value":"eyJhbGciOiJIUzI1NiIsInR5cCI6IkpXVCJ9.eyJpZCI6OCwiZW1haWwiOiJhQGIuY29tIiwicm9sZSI6ImFkbWluIiwiaWF0IjoxNjkwNDg2ODY2fQ.hQ1MjMFy_2W25zR7SSIR-vrRFH2uEVFjUjAxJjVlhpo","description":""}],"authentication":{},"metaSortKey":-1687745531898,"isPrivate":false,"settingStoreCookies":true,"settingSendCookies":true,"settingDisableRenderRequestBody":false,"settingEncodeUrl":true,"settingRebuildPath":true,"settingFollowRedirects":"global","_type":"request"},{"_id":"env_bc2108eceaedcc7c20fa3537e4caa3432a3309de","parentId":"wrk_a0e8cd11cbf648cb990239bd4164e067","modified":1688365275759,"created":1688365275759,"name":"Base Environment","data":{},"dataPropertyOrder":null,"color":null,"isPrivate":false,"metaSortKey":1688365275759,"_type":"environment"},{"_id":"jar_bc2108eceaedcc7c20fa3537e4caa3432a3309de","parentId":"wrk_a0e8cd11cbf648cb990239bd4164e067","modified":1688365275762,"created":1688365275762,"name":"Default Jar","cookies":[],"_type":"cookie_jar"}]}